Título,Autor,Editorial,Fecha de publicación,Portada,Categorías,ISBN,Prestado a,Estado,Notas,Descripción
Bocchi the Rock! #01,Aki Hamazi,Ivrea Argentina,01.04.2024,https://mementoserver-hrd.appspot.com/blob/get?uid=6720061975035904&lib=base64Knl6O1lnYUxLZzNCRWhJVTJmNHQ%3D,Manga,978-84-10258-07-5,,Completado,,
Bocchi the Rock! #02,Aki Hamazi,Ivrea Argentina,01.06.2024,https://mementoserver-hrd.appspot.com/blob/get?uid=4856609614594048&lib=base64Knl6O1lnYUxLZzNCRWhJVTJmNHQ%3D,Manga,978-84-10350-04-5,,Completado,,
Bocchi the Rock! #03,Aki Hamazi,Ivrea Argentina,01.08.2024,https://mementoserver-hrd.appspot.com/blob/get?uid=6193596359507968&lib=base64Knl6O1lnYUxLZzNCRWhJVTJmNHQ%3D,Manga,978-84-10388-38-3,,Completado,,
Bocchi the Rock! #04,Aki Hamazi,Ivrea Argentina,01.10.2024,https://mementoserver-hrd.appspot.com/blob/get?uid=5910648477450240&lib=base64Knl6O1lnYUxLZzNCRWhJVTJmNHQ%3D,Manga,978-84-10475-43-4,,Completado,,
Bocchi the Rock! #05,Aki Hamazi,Ivrea Argentina,01.12.2024,https://mementoserver-hrd.appspot.com/blob/get?uid=5164181148139520&lib=base64Knl6O1lnYUxLZzNCRWhJVTJmNHQ%3D,Manga,979-13-87500-94-8,,Completado,,
Bocchi the Rock! #06,Aki Hamazi,Ivrea Argentina,06.08.2026,https://mementoserver-hrd.appspot.com/blob/get?uid=4786221475954688&lib=base64Knl6O1lnYUxLZzNCRWhJVTJmNHQ%3D,Manga,979-13-87619-93-0,,Completado,,
Bocchi the Rock! #07,Aki Hamazi,Ivrea Argentina,01.06.2025,https://mementoserver-hrd.appspot.com/blob/get?uid=6546822254559232&lib=base64Knl6O1lnYUxLZzNCRWhJVTJmNHQ%3D,Manga,979-13-87784-90-4,,Completado,,
Bocchi the Rock! Gaiden: Las escabiadas de Kikuri Hiroi #01,Aki Hamazi; Kumichou,Ivrea Argentina,01.08.2026,https://mementoserver-hrd.appspot.com/blob/get?uid=5954640351068160&lib=base64Knl6O1lnYUxLZzNCRWhJVTJmNHQ%3D,Manga,979-13-88450-09-9,,Completado,,
Hard to Be a God,Arkady Strugatsky; Boris Strugatsky,Gollancz,09.04.2015,https://mementoserver-hrd.appspot.com/blob/get?uid=5219248668672000&lib=base64Knl6O1lnYUxLZzNCRWhJVTJmNHQ%3D,Novela,978-1-4732-0829-2,,Completado,,
Monday Starts on Saturday,Arkady Strugatsky; Boris Strugatsky,Gollancz,11.08.2016,https://mementoserver-hrd.appspot.com/blob/get?uid=6135774959632384&lib=base64Knl6O1lnYUxLZzNCRWhJVTJmNHQ%3D,Novela,978-1-473-20221-4,,Completado,,
Roadside Picnic,Arkady Strugatsky; Boris Strugatsky,Gollancz,01.01.2012,https://mementoserver-hrd.appspot.com/blob/get?uid=5393421202358272&lib=base64Knl6O1lnYUxLZzNCRWhJVTJmNHQ%3D,Novela,978-0-575-09313-3,,Completado,,
The Doomed City,Arkady Strugatsky; Boris Strugatsky,Gollancz,27.07.2017,https://mementoserver-hrd.appspot.com/blob/get?uid=4833258414276608&lib=base64Knl6O1lnYUxLZzNCRWhJVTJmNHQ%3D,Novela,978-1-473-22228-1,,Pendiente,,
The Inhabited Island,Arkady Strugatsky; Boris Strugatsky,Gollancz,15.04.2021,https://mementoserver-hrd.appspot.com/blob/get?uid=5089500458123264&lib=base64Knl6O1lnYUxLZzNCRWhJVTJmNHQ%3D,Novela,978-1-473-23244-0,,Completado,,
The Snail on the Slope,Arkady Strugatsky; Boris Strugatsky,Gollancz,17.10.2019,https://mementoserver-hrd.appspot.com/blob/get?uid=5341045888122880&lib=base64Knl6O1lnYUxLZzNCRWhJVTJmNHQ%3D,Novela,978-1-473-22828-3,,En pausa,,
Silent Hill. La cima del terror psicológico,"España, RBA Coleccionables",RBA Coleccionables,25.06.2026,https://images.isbndb.com/covers/15948573485182.jpg,Videojuegos,978-84-1057-123-5,,Leyendo,,
Fumando atrás del súper con vos #01,Jinushi,Ivrea Argentina,01.12.2024,https://mementoserver-hrd.appspot.com/blob/get?uid=4867166174445568&lib=base64Knl6O1lnYUxLZzNCRWhJVTJmNHQ%3D,Manga,979-13-87500-91-7,,Completado,,
Fumando atrás del súper con vos #02,Jinushi,Ivrea Argentina,01.01.2025,https://mementoserver-hrd.appspot.com/blob/get?uid=4682451039551488&lib=base64Knl6O1lnYUxLZzNCRWhJVTJmNHQ%3D,Manga,979-13-87547-87-5,,Completado,,
Fumando atrás del súper con vos #03,Jinushi,Ivrea Argentina,01.04.2025,https://mementoserver-hrd.appspot.com/blob/get?uid=5280184859361280&lib=base64Knl6O1lnYUxLZzNCRWhJVTJmNHQ%3D,Manga,979-13-87691-22-6,,Completado,,
Grand Blue #01,Kenji Inoue,Ivrea Argentina,01.12.2022,https://mementoserver-hrd.appspot.com/blob/get?uid=4622849241513984&lib=base64Knl6O1lnYUxLZzNCRWhJVTJmNHQ%3D,,978-84-19600-29-5,,Completado,,
Grand Blue #02,Kenji Inoue,Ivrea Argentina,01.03.2023,https://mementoserver-hrd.appspot.com/blob/get?uid=5550778402209792&lib=base64Knl6O1lnYUxLZzNCRWhJVTJmNHQ%3D,,978-84-19673-41-1,,Completado,,
Grand Blue #03,Kenji Inoue,Ivrea Argentina,01.06.2023,https://mementoserver-hrd.appspot.com/blob/get?uid=4866587209498624&lib=base64Knl6O1lnYUxLZzNCRWhJVTJmNHQ%3D,,978-84-19730-83-1,,Completado,,
Grand Blue #04,Kenji Inoue,Ivrea Argentina,01.10.2023,https://mementoserver-hrd.appspot.com/blob/get?uid=6103280512139264&lib=base64Knl6O1lnYUxLZzNCRWhJVTJmNHQ%3D,,978-84-19916-18-1,,Completado,,
Grand Blue #05,Kenji Inoue,Ivrea Argentina,01.11.2023,https://mementoserver-hrd.appspot.com/blob/get?uid=6633853727014912&lib=base64Knl6O1lnYUxLZzNCRWhJVTJmNHQ%3D,,978-84-10007-82-6,,Completado,,
Grand Blue #06,Kenji Inoue,Ivrea Argentina,01.03.2024,https://mementoserver-hrd.appspot.com/blob/get?uid=5104262998917120&lib=base64Knl6O1lnYUxLZzNCRWhJVTJmNHQ%3D,,978-84-10113-79-4,,Completado,,
Grand Blue #07,Kenji Inoue,Ivrea Argentina,01.05.2024,https://mementoserver-hrd.appspot.com/blob/get?uid=6211925199552512&lib=base64Knl6O1lnYUxLZzNCRWhJVTJmNHQ%3D,,978-84-10213-95-1,,Completado,,
Grand Blue #08,Kenji Inoue,Ivrea Argentina,01.07.2024,https://mementoserver-hrd.appspot.com/blob/get?uid=5741055184207872&lib=base64Knl6O1lnYUxLZzNCRWhJVTJmNHQ%3D,,978-84-10350-53-3,,Pendiente,,
The Ghost in the Shell,Masamune Shirow,OVNI Press,01.03.2023,https://mementoserver-hrd.appspot.com/blob/get?uid=5632472673157120&lib=base64Knl6O1lnYUxLZzNCRWhJVTJmNHQ%3D,Manga,978-987-819-130-0,,Leyendo,,
Dungeon Meshi #01,Ryoko Kui,Ivrea Argentina,01.05.2025,https://mementoserver-hrd.appspot.com/blob/get?uid=6374365157654528&lib=base64Knl6O1lnYUxLZzNCRWhJVTJmNHQ%3D,Manga,979-13-87784-10-2,,Completado,,
Carretera maldita,Stephen King,Sudamericana,30.01.2015,https://mementoserver-hrd.appspot.com/blob/get?uid=4798795059822592&lib=base64Knl6O1lnYUxLZzNCRWhJVTJmNHQ%3D,Novela,978-950-07-5056-1,,Completado,,
Carrie,Stephen King,Sudamericana,01.08.2015,https://mementoserver-hrd.appspot.com/blob/get?uid=5163958850027520&lib=base64Knl6O1lnYUxLZzNCRWhJVTJmNHQ%3D,Novela,978-950-07-5088-2,,Completado,,
Cementerio de animales,Stephen King,Sudamericana,01.12.2014,https://mementoserver-hrd.appspot.com/blob/get?uid=4614335676809216&lib=base64Knl6O1lnYUxLZzNCRWhJVTJmNHQ%3D,Novela,978-950-07-5052-3,,Leyendo,,
Christine,Stephen King,Sudamericana,01.01.2015,https://mementoserver-hrd.appspot.com/blob/get?uid=5789702198394880&lib=base64Knl6O1lnYUxLZzNCRWhJVTJmNHQ%3D,Novela,978-950-07-5062-2,,Completado,,
Colorado Kid,Stephen King,Sudamericana,27.03.2015,https://mementoserver-hrd.appspot.com/blob/get?uid=5578702132084736&lib=base64Knl6O1lnYUxLZzNCRWhJVTJmNHQ%3D,Novela,978-950-07-5065-3,,Completado,,
Dolores Claiborne,Stephen King,Sudamericana,01.05.2015,https://mementoserver-hrd.appspot.com/blob/get?uid=4607727836069888&lib=base64Knl6O1lnYUxLZzNCRWhJVTJmNHQ%3D,Novela,978-950-07-5076-9,,Pendiente,,
Duma Key #1,Stephen King,Sudamericana,01.01.2015,https://mementoserver-hrd.appspot.com/blob/get?uid=5336420208345088&lib=base64Knl6O1lnYUxLZzNCRWhJVTJmNHQ%3D,Novela,978-950-07-5082-0,,Pendiente,,
Duma Key #2,Stephen King,Sudamericana,01.01.2015,https://mementoserver-hrd.appspot.com/blob/get?uid=5336420208345088&lib=base64Knl6O1lnYUxLZzNCRWhJVTJmNHQ%3D,Novela,978-950-07-5083-7,,Pendiente,,
El cazador de sueños #1,Stephen King,Sudamericana,01.06.2015,https://mementoserver-hrd.appspot.com/blob/get?uid=5815208465661952&lib=base64Knl6O1lnYUxLZzNCRWhJVTJmNHQ%3D,Novela,978-950-07-5085-1,,Pendiente,,
El cazador de sueños #2,Stephen King,Sudamericana,01.06.2015,https://mementoserver-hrd.appspot.com/blob/get?uid=5815208465661952&lib=base64Knl6O1lnYUxLZzNCRWhJVTJmNHQ%3D,Novela,978-950-07-5086-8,,Pendiente,,
El juego de Gerald,Stephen King,Sudamericana,20.03.2015,https://mementoserver-hrd.appspot.com/blob/get?uid=4520928241516544&lib=base64Knl6O1lnYUxLZzNCRWhJVTJmNHQ%3D,Novela,978-950-07-5064-6,,Completado,,
El retrato de Rose Madder,Stephen King,Sudamericana,01.01.2015,https://mementoserver-hrd.appspot.com/blob/get?uid=4657841749360640&lib=base64Knl6O1lnYUxLZzNCRWhJVTJmNHQ%3D,Novela,978-950-07-5078-3,,Pendiente,,
La chica que amaba a Tom Gordon,Stephen King,Sudamericana,01.05.2015,https://mementoserver-hrd.appspot.com/blob/get?uid=4868947981893632&lib=base64Knl6O1lnYUxLZzNCRWhJVTJmNHQ%3D,Novela,978-950-07-5077-6,,Completado,,
La historia de Lisey #1,Stephen King,Sudamericana,01.01.2015,https://mementoserver-hrd.appspot.com/blob/get?uid=5803748687609856&lib=base64Knl6O1lnYUxLZzNCRWhJVTJmNHQ%3D,Novela,978-950-07-5079-0,,Pendiente,,
La historia de Lisey #2,Stephen King,Sudamericana,01.05.2015,https://mementoserver-hrd.appspot.com/blob/get?uid=5803748687609856&lib=base64Knl6O1lnYUxLZzNCRWhJVTJmNHQ%3D,Novela,978-950-07-5080-6,,Pendiente,,
La larga marcha,Stephen King,Sudamericana,01.01.2015,https://mementoserver-hrd.appspot.com/blob/get?uid=6241135674785792&lib=base64Knl6O1lnYUxLZzNCRWhJVTJmNHQ%3D,Novela,978-950-07-5066-0,,Completado,,
La milla verde,Stephen King,Sudamericana,01.09.2015,https://mementoserver-hrd.appspot.com/blob/get?uid=6348443620737024&lib=base64Knl6O1lnYUxLZzNCRWhJVTJmNHQ%3D,Novela,978-950-07-5330-2,,En pausa,,
La niebla,Stephen King,Sudamericana,13.02.2015,https://mementoserver-hrd.appspot.com/blob/get?uid=5481783376478208&lib=base64Knl6O1lnYUxLZzNCRWhJVTJmNHQ%3D,Novela,978-950-07-5058-5,,Completado,,
La tormenta del siglo,Stephen King,Sudamericana,15.05.2015,https://mementoserver-hrd.appspot.com/blob/get?uid=4620118917382144&lib=base64Knl6O1lnYUxLZzNCRWhJVTJmNHQ%3D,Novela,978-950-07-5071-4,,Pendiente,,
Maleficio,Stephen King,Sudamericana,01.01.2015,https://mementoserver-hrd.appspot.com/blob/get?uid=4611837046030336&lib=base64Knl6O1lnYUxLZzNCRWhJVTJmNHQ%3D,Novela,978-950-07-5067-7,,Pendiente,,
Un saco de huesos #1,Stephen King,Sudamericana,29.05.2015,https://mementoserver-hrd.appspot.com/blob/get?uid=6605785377538048&lib=base64Knl6O1lnYUxLZzNCRWhJVTJmNHQ%3D,Novela,978-950-07-5073-8,,Pendiente,,
Un saco de huesos #2,Stephen King,Sudamericana,05.06.2015,https://mementoserver-hrd.appspot.com/blob/get?uid=6605785377538048&lib=base64Knl6O1lnYUxLZzNCRWhJVTJmNHQ%3D,Novela,978-950-07-5074-5,,Pendiente,,
Girls' Last Tour #01,Tsukumizu,Ivrea Argentina,01.08.2025,https://mementoserver-hrd.appspot.com/blob/get?uid=5313339423195136&lib=base64Knl6O1lnYUxLZzNCRWhJVTJmNHQ%3D,Manga,979-13-87836-29-0,,Completado,,
